Workshop Name,Workshop Date,Workshop Price,Workshop Units,Workshop Studio,Workshop Address,URL_E
Spagat,Feb05bis Feb 26,Ausgebucht,4 Einheiten,Luftbonbon,"Königstraße 45, 32547 Bad Oeynhausen",https://www.eversports.de/e/workshop/60kU5cU
Kopfstand Technik Online Workshop ,Feb24Samstag,"ab 44,00 €",1 Einheit,Yoga and Pole Art by Selina,"Online *, World Wide",https://www.eversports.de/e/workshop/p_eKWTW
Atemtechniken Online Workshop ,März16Samstag,"ab 44,00 €",1 Einheit,Yoga and Pole Art by Selina,"Online *, World Wide",https://www.eversports.de/e/workshop/1PmB24I
Split & Straddle Technik Online Workshop ,März22Freitag,"ab 44,00 €",1 Einheit,Yoga and Pole Art by Selina,"Online *, World Wide",https://www.eversports.de/e/workshop/Zk4neM3
Split on Pole (Intermediate) Online Workshop,März29Freitag,"ab 44,00 €",1 Einheit,Yoga and Pole Art by Selina,"Online *, World Wide",https://www.eversports.de/e/workshop/VnmCBGD
Yoga Rad Einsteiger Online Workshop ,Apr06Samstag,"ab 44,00 €",1 Einheit,Yoga and Pole Art by Selina,"Online *, World Wide",https://www.eversports.de/e/workshop/qdYG4WC
Competition Pole Tricks Intermediate & Advanced Level Online Workshop ,Apr12Freitag,"ab 44,00 €",1 Einheit,Yoga and Pole Art by Selina,"Online *, World Wide",https://www.eversports.de/e/workshop/M4MjCdo
Spinning Pole Combos Intermediate Online Workshop,Mai01Mittwoch,"ab 44,00 €",1 Einheit,Yoga and Pole Art by Selina,"Online *, World Wide",https://www.eversports.de/e/workshop/bi8m5zs
Shoulder Mobility (4 Wochen Intensivkurs),Mai04bis Mai 25,"ab 134,00 €",4 Einheiten,Yoga and Pole Art by Selina,"Online *, World Wide",https://www.eversports.de/e/workshop/B_H90J1
Yoga Rad Online Workshop: Schwerpunkt Backbends ,Mai19Sonntag,"ab 44,00 €",1 Einheit,Yoga and Pole Art by Selina,"Online *, World Wide",https://www.eversports.de/e/workshop/ccLkJAE
Pole Dance Newbies - 4 Wochen Kurs,März07bis März 28,"ab 60,00 €",4 Einheiten,Cheesy Heaven,"Papenstieg 2, 38442 Wolfsburg",https://www.eversports.de/e/workshop/GZK4IEa
Aerial Hoop Newbies - 4 Wochen Kurs,Apr07bis Apr 28,"ab 60,00 €",4 Einheiten,Cheesy Heaven,"Papenstieg 2, 38442 Wolfsburg",https://www.eversports.de/e/workshop/JPGCNnm
Aerial Silk Newbies - 4 Wochen Kurs,Apr07bis Apr 28,"ab 60,00 €",4 Einheiten,Cheesy Heaven,"Papenstieg 2, 38442 Wolfsburg",https://www.eversports.de/e/workshop/Uh-BQlV
Schnuppertag - Pole Dance ,Apr14Sonntag,"ab 0,00 €",1 Einheit,Cheesy Heaven,"Papenstieg 2, 38442 Wolfsburg",https://www.eversports.de/e/workshop/ff2oqQO
Schnuppertag - Aerial Silk,Apr14Sonntag,"ab 0,00 €",1 Einheit,Cheesy Heaven,"Papenstieg 2, 38442 Wolfsburg",https://www.eversports.de/e/workshop/eHIKSwb
Schnuppertag - Aerial Hammock,Apr14Sonntag,"ab 0,00 €",1 Einheit,Cheesy Heaven,"Papenstieg 2, 38442 Wolfsburg",https://www.eversports.de/e/workshop/nXOy05m
Schnuppertag - Aerial Hoop,Apr14Sonntag,"ab 0,00 €",1 Einheit,Cheesy Heaven,"Papenstieg 2, 38442 Wolfsburg",https://www.eversports.de/e/workshop/-4WimeZ
Dinke Minten „Fonji Fundamentals“,März17Sonntag,"ab 70,00 €",1 Einheit,Pole-Formance,"Beckumer Straße 24, 59555 Lippstadt",https://www.eversports.de/e/workshop/KDYKHQf
Dinke Minten „Dynamic Superpowers“,März17Sonntag,"ab 70,00 €",1 Einheit,Pole-Formance,"Beckumer Straße 24, 59555 Lippstadt",https://www.eversports.de/e/workshop/BjFbe-z
Dinke Minten „Fierce Lioness“,März17Sonntag,"ab 70,00 €",1 Einheit,Pole-Formance,"Beckumer Straße 24, 59555 Lippstadt",https://www.eversports.de/e/workshop/U58r9aD
Aerial Hammock Workshop,März02Samstag,"ab 30,00 €",1 Einheit,Pole and Move Ludwigshafen,"Raschigstraße 100, 67067 Ludwigshafen am Rhein",https://www.eversports.de/e/workshop/QSBryP0
Aerial Hoop Bendy Shapes,März02Samstag,"ab 30,00 €",1 Einheit,Pole and Move Ludwigshafen,"Raschigstraße 100, 67067 Ludwigshafen am Rhein",https://www.eversports.de/e/workshop/VBYd7ZF
Chairdance,März09Samstag,"ab 30,00 €",1 Einheit,Pole and Move Ludwigshafen,"Raschigstraße 100, 67067 Ludwigshafen am Rhein",https://www.eversports.de/e/workshop/zTbGfLi
Lapdance Workshop,März09Samstag,"ab 30,00 €",1 Einheit,Pole and Move Ludwigshafen,"Raschigstraße 100, 67067 Ludwigshafen am Rhein",https://www.eversports.de/e/workshop/fUoSQuY
Flying Pole Workshop,Apr07Sonntag,Ausgebucht,1 Einheit,Pole and Move Ludwigshafen,"Raschigstraße 100, 67067 Ludwigshafen am Rhein",https://www.eversports.de/e/workshop/Bq8SWzC
Flying Pole mit Denys Zhygaltsov,Mai05Sonntag,"ab 55,00 €",1 Einheit,Pole and Move Ludwigshafen,"Raschigstraße 100, 67067 Ludwigshafen am Rhein",https://www.eversports.de/e/workshop/ePH29kU
Stretch & Strength mit Denys Zhygaltsov,Mai05Sonntag,"ab 45,00 €",1 Einheit,Pole and Move Ludwigshafen,"Raschigstraße 100, 67067 Ludwigshafen am Rhein",https://www.eversports.de/e/workshop/fMcJ4cb
Flying Pole mit Denys Zhygaltsov,Mai05Sonntag,"ab 55,00 €",1 Einheit,Pole and Move Ludwigshafen,"Raschigstraße 100, 67067 Ludwigshafen am Rhein",https://www.eversports.de/e/workshop/ixC-WNj
WORKSHOP- Improve Your Invert Skills,Feb24Samstag,"ab 39,00 €",1 Einheit,Body meets Soul Leipzig,"Gabelsbergerstraße 1a, 04317 Leipzig",https://www.eversports.de/e/workshop/uO9N1VQ
Pilates - die sanfte Kraft,Jan11bis März 14,"ab 12,00 €",10 Einheiten,PoleathletiX,"Industriestr 10, 22927 Celle",https://www.eversports.de/e/workshop/fWcLCKr
Polefitness Kids,Feb07bis Feb 28,"ab 43,00 €",4 Einheiten,PoleathletiX,"Industriestr 10, 22927 Celle",https://www.eversports.de/e/workshop/wpcpX0U
YoungMamaFit,Feb08bis Apr 11,"ab 13,00 €",10 Einheiten,PoleathletiX,"Industriestr 10, 22927 Celle",https://www.eversports.de/e/workshop/csrqGyT
Polefitness Schnupper Workshop,März05bis März 26,"ab 42,00 €",4 Einheiten,PoleathletiX,"Industriestr 10, 22927 Celle",https://www.eversports.de/e/workshop/B5-Mkby
Exotic Pole Schnuppertraining ,März05bis März 26,"ab 40,00 €",4 Einheiten,PoleathletiX,"Industriestr 10, 22927 Celle",https://www.eversports.de/e/workshop/U0ioQ4p
Polefitness Kids,März06bis März 27,"ab 43,00 €",4 Einheiten,PoleathletiX,"Industriestr 10, 22927 Celle",https://www.eversports.de/e/workshop/GM0YnVC
BEST OF SPECIAL,März09Samstag,"ab 20,00 €",1 Einheit,PoleathletiX,"Industriestr 10, 22927 Celle",https://www.eversports.de/e/workshop/jad2gf2
Jumping Fitness,März11Montag,"ab 10,00 €",1 Einheit,PoleathletiX,"Industriestr 10, 22927 Celle",https://www.eversports.de/e/workshop/3qRUP97
Faszientraining - AgilityLife,März21bis Mai 09,"ab 12,00 €",8 Einheiten,PoleathletiX,"Industriestr 10, 22927 Celle",https://www.eversports.de/e/workshop/Q4B35ej
Pole mit Narumi,Feb25bis Feb 25,"ab 30,00 €",2 Einheiten,Center of Moving Arts,"Fabrikstraße 21, 64625 Bensheim",https://www.eversports.de/e/workshop/nXn3jc_
EASTER SPECIAL - Power Pole | Corinna,Apr06Samstag,"ab 25,00 €",1 Einheit,CSS AERIAL DANCE STUDIO,"Hummelsbütteler Steindamm 84, 22851 Norderstedt",https://www.eversports.de/e/workshop/1nKl3tW
EASTER SPECIAL - 5 Shapes to try | Chrissi,Apr06Samstag,"ab 25,00 €",1 Einheit,CSS AERIAL DANCE STUDIO,"Hummelsbütteler Steindamm 84, 22851 Norderstedt",https://www.eversports.de/e/workshop/T4W36_s
EASTER SPECIAL - Acro Pole Fusion | Corinna,Apr06Samstag,"ab 25,00 €",1 Einheit,CSS AERIAL DANCE STUDIO,"Hummelsbütteler Steindamm 84, 22851 Norderstedt",https://www.eversports.de/e/workshop/4UBPXcv
EASTER SPECIAL - Floorwork Flow Choreo | Corinna,Apr07Sonntag,"ab 30,00 €",1 Einheit,CSS AERIAL DANCE STUDIO,"Hummelsbütteler Steindamm 84, 22851 Norderstedt",https://www.eversports.de/e/workshop/JIRXZ-d
EASTER SPECIAL - Strip Plastic | Corinna,Apr07Sonntag,"ab 30,00 €",1 Einheit,CSS AERIAL DANCE STUDIO,"Hummelsbütteler Steindamm 84, 22851 Norderstedt",https://www.eversports.de/e/workshop/MZYsjj7
Burlesque,März02Samstag,"ab 30,00 €",1 Einheit,Pole and Move Ketsch,"Gutenbergstraße 36, 68775 Ketsch",https://www.eversports.de/e/workshop/nZwqDWw
Handstand,März02Samstag,"ab 30,00 €",1 Einheit,Pole and Move Ketsch,"Gutenbergstraße 36, 68775 Ketsch",https://www.eversports.de/e/workshop/NCNYd8p
Lyrical Pole - mit Anne-Marie Kot,März22Freitag,"ab 69,00 €",1 Einheit,Pole and Move Ketsch,"Gutenbergstraße 36, 68775 Ketsch",https://www.eversports.de/e/workshop/nz_DDh6
Exotik Old School - mit Anne-Marie Kot,März22Freitag,"ab 69,00 €",1 Einheit,Pole and Move Ketsch,"Gutenbergstraße 36, 68775 Ketsch",https://www.eversports.de/e/workshop/DGu8Tq6
BENDY GIO,März16bis März 16,"ab 60,00 €",2 Einheiten,Pole Faction - Rhein-Neckar,"Heddesheimer Straße 39, 69493 Hirschberg an der Bergstraße",https://www.eversports.de/e/workshop/VtQCbbh
Suen Lee - Workshops,Apr27bis Apr 27,"ab 75,00 €",3 Einheiten,Pole Faction - Rhein-Neckar,"Heddesheimer Straße 39, 69493 Hirschberg an der Bergstraße",https://www.eversports.de/e/workshop/Pi9Ivxi
Dancehall Workshop,Feb25Sonntag,"ab 15,00 €",1 Einheit,Ramonas Tanzschmiede,"Ückendorfer Straße 121, 45886 Gelsenkirchen",https://www.eversports.de/e/workshop/h6T780l
Kids Contemporary Workshop,März09Samstag,"ab 15,00 €",1 Einheit,Ramonas Tanzschmiede,"Ückendorfer Straße 121, 45886 Gelsenkirchen",https://www.eversports.de/e/workshop/HZmJGaW
Twerk it,Jan28bis März 24,"ab 25,00 €",3 Einheiten,Pole Faction - Darmstadt,"Heidelberger Landstrasse 237, 64297 Darmstadt",https://www.eversports.de/e/workshop/FP-cEyn
Workshops mit LeaSophie,Apr13bis Apr 13,"ab 35,00 €",2 Einheiten,Pole Faction - Darmstadt,"Heidelberger Landstrasse 237, 64297 Darmstadt",https://www.eversports.de/e/workshop/R763nUE
MY FAVORITE TRICKS AND COMBOS ON Spinning mit Bou Boulette -Alle Level-,Apr27Samstag,"ab 48,00 €",1 Einheit,PoleSpirit,"Adlerstraße 242, 86633 Neuburg an der Donau",https://www.eversports.de/e/workshop/xUH0CLo
MY FAVORITE TRICKS AND COMBOS ON Spinning mit Bou Boulette Intermediate,Apr27Samstag,"ab 48,00 €",1 Einheit,PoleSpirit,"Adlerstraße 242, 86633 Neuburg an der Donau",https://www.eversports.de/e/workshop/GpBpifi
Handstand Workshop,März09Samstag,"ab 30,00 €",1 Einheit,Pole and Move Mannheim,"Edisonstraße 20, 68309 Mannheim",https://www.eversports.de/e/workshop/gbofUBp
Aerial Hoop Choreo Workshop ,März09Samstag,"ab 30,00 €",1 Einheit,Pole and Move Mannheim,"Edisonstraße 20, 68309 Mannheim",https://www.eversports.de/e/workshop/NFfn_y6
We love Pancakes - mit Caroline Lange,März22Freitag,"ab 69,00 €",1 Einheit,Pole and Move Mannheim,"Edisonstraße 20, 68309 Mannheim",https://www.eversports.de/e/workshop/miY7n0b
Aerial Hoop Choreo Workshop ,Apr13Samstag,"ab 30,00 €",1 Einheit,Pole and Move Mannheim,"Edisonstraße 20, 68309 Mannheim",https://www.eversports.de/e/workshop/C9b62JT
Handstand Workshop,Apr13Samstag,"ab 30,00 €",1 Einheit,Pole and Move Mannheim,"Edisonstraße 20, 68309 Mannheim",https://www.eversports.de/e/workshop/0fonSE4
 LIBERATING PLEASURE I Breathwork & Sensual Heels,März01Freitag,"ab 59,00 €",1 Einheit,Soultide,"Süderstraße 159A, 20537 Hamburg",https://www.eversports.de/e/workshop/U2ElOtm
FEMALE EMBODIMENT I Nourishing & Grounding,März08Freitag,"ab 35,00 €",1 Einheit,Soultide,"Süderstraße 159A, 20537 Hamburg",https://www.eversports.de/e/workshop/NqEFLYz
Sensual Pole & Chair,März09Samstag,"ab 35,00 €",1 Einheit,Soultide,"Süderstraße 159A, 20537 Hamburg",https://www.eversports.de/e/workshop/B682STl
CHAIR & STRIP (all) I Sensual Seduction,März09Samstag,"ab 40,00 €",1 Einheit,Soultide,"Süderstraße 159A, 20537 Hamburg",https://www.eversports.de/e/workshop/npdGKjQ
Kinderzirkus | Luftakrobatik für Kinder 49€ p.P. (3h),März27Mittwoch,"ab 49,00 €",1 Einheit,aerialflow,"Pfefferackerstraße 2a, 45894 Gelsenkirchen",https://www.eversports.de/e/workshop/OQN28ZD
Contemporary Workshop ,März09Samstag,"ab 50,00 €",1 Einheit,Stadtgazellen Bremen,"Bremerhavener Straße 210, 28217 Bremen",https://www.eversports.de/e/workshop/KWx3LyO
Pole Tricks & Transitions - Beginner Workshop ,März16Samstag,Ausgebucht,1 Einheit,Stadtgazellen Bremen,"Bremerhavener Straße 210, 28217 Bremen",https://www.eversports.de/e/workshop/WRl24o5
Regrips and flips in combos - Intermediate Workshop,März16Samstag,Ausgebucht,1 Einheit,Stadtgazellen Bremen,"Bremerhavener Straße 210, 28217 Bremen",https://www.eversports.de/e/workshop/wrZkEQ3
Pole Nick - Balance Baby,Feb24Samstag,"ab 70,00 €",1 Einheit,Pole and Move Heidelberg,"Hauptstraße 58, 69214 Eppelheim",https://www.eversports.de/e/workshop/AnumKko
Pole Nick - Alltime Favourites,Feb24Samstag,"ab 70,00 €",1 Einheit,Pole and Move Heidelberg,"Hauptstraße 58, 69214 Eppelheim",https://www.eversports.de/e/workshop/aqDwRxt
Strip Plastic mit BendyGio,März22Freitag,"ab 69,00 €",1 Einheit,Pole and Move Heidelberg,"Hauptstraße 58, 69214 Eppelheim",https://www.eversports.de/e/workshop/xpUUbAx
Spinning Flexy Illusions mit BendyGio,März22Freitag,"ab 69,00 €",1 Einheit,Pole and Move Heidelberg,"Hauptstraße 58, 69214 Eppelheim",https://www.eversports.de/e/workshop/yXAMy8l
Twerking Workshop ,Apr12Freitag,"ab 30,00 €",1 Einheit,Pole and Move Heidelberg,"Hauptstraße 58, 69214 Eppelheim",https://www.eversports.de/e/workshop/ioRS-mE
Dan Rosen - Dynamic Heels,Apr28Sonntag,"ab 65,00 €",1 Einheit,Pole and Move Heidelberg,"Hauptstraße 58, 69214 Eppelheim",https://www.eversports.de/e/workshop/mI91ydw
Dan Rosen - Heels Flow,Apr28Sonntag,"ab 65,00 €",1 Einheit,Pole and Move Heidelberg,"Hauptstraße 58, 69214 Eppelheim",https://www.eversports.de/e/workshop/Ngcpd4l
Dan Rosen - Dan's Favourite Combo's,Apr28Sonntag,"ab 65,00 €",1 Einheit,Pole and Move Heidelberg,"Hauptstraße 58, 69214 Eppelheim",https://www.eversports.de/e/workshop/ij8VZCH
Pole Double Workshop ,Mai26Sonntag,"ab 30,00 €",1 Einheit,Pole and Move Heidelberg,"Hauptstraße 58, 69214 Eppelheim",https://www.eversports.de/e/workshop/Met7fdZ
Trash Pop Sexy Choreo ,Feb25Sonntag,"ab 40,00 €",1 Einheit,Polearize,"Rottstraße 6, 44793 Bochum",https://www.eversports.de/e/workshop/516yIHG
"Loosen up my Buttons, Baby ",März09Samstag,"ab 40,00 €",1 Einheit,Polearize,"Rottstraße 6, 44793 Bochum",https://www.eversports.de/e/workshop/oGm0xhs
Sexy Chairdance,März16Samstag,"ab 40,00 €",1 Einheit,Polearize,"Rottstraße 6, 44793 Bochum",https://www.eversports.de/e/workshop/7yGrljL
Sexy Chairdance,März17Sonntag,Ausgebucht,1 Einheit,Polearize,"Rottstraße 6, 44793 Bochum",https://www.eversports.de/e/workshop/vmkQFeK
Rock ‘n‘ Pole,März24Sonntag,"ab 40,00 €",1 Einheit,Polearize,"Rottstraße 6, 44793 Bochum",https://www.eversports.de/e/workshop/4gGolhi
Partner Akrobatik,Dez12bis Apr 16,"ab 30,00 €",3 Einheiten,Pole Land,"Kölner Straße 336a, 40227 Düsseldorf",https://www.eversports.de/e/workshop/ezegoNQ
Aerial Hoop,März03Sonntag,"ab 50,00 €",1 Einheit,Pole Land,"Kölner Straße 336a, 40227 Düsseldorf",https://www.eversports.de/e/workshop/WccIM2q
Spinning an der Static,März10Sonntag,"ab 35,00 €",1 Einheit,Pole Land,"Kölner Straße 336a, 40227 Düsseldorf",https://www.eversports.de/e/workshop/SqEYfO3
Favourit Pole Combos and Splitz,Apr20bis Apr 20,"ab 79,00 €",2 Einheiten,Pole Land,"Kölner Straße 336a, 40227 Düsseldorf",https://www.eversports.de/e/workshop/OGUBUS8
Pole Choreo,Apr21Sonntag,"ab 35,00 €",1 Einheit,Pole Land,"Kölner Straße 336a, 40227 Düsseldorf",https://www.eversports.de/e/workshop/VVXdiD8
Let´s get Flip,Feb25Sonntag,"ab 25,00 €",1 Einheit,Pura Studio,"Schaufenberger Straße 61, 52477 Alsdorf",https://www.eversports.de/e/workshop/aaXFGLh
Hair Flicks mit Choreo bei Anna,März02Samstag,"ab 25,00 €",1 Einheit,Pura Studio,"Schaufenberger Straße 61, 52477 Alsdorf",https://www.eversports.de/e/workshop/LAlnDd-
C- Back Stretching,März08Freitag,Ausgebucht,1 Einheit,Pura Studio,"Schaufenberger Straße 61, 52477 Alsdorf",https://www.eversports.de/e/workshop/1sQFEoE
Find your Elegance,März17Sonntag,"ab 25,00 €",1 Einheit,Pura Studio,"Schaufenberger Straße 61, 52477 Alsdorf",https://www.eversports.de/e/workshop/qz-Llq1
Hoop Double ,März22Freitag,"ab 25,00 €",1 Einheit,Pura Studio,"Schaufenberger Straße 61, 52477 Alsdorf",https://www.eversports.de/e/workshop/zjrAzNO
Handspring Conditioning,März24Sonntag,Ausgebucht,1 Einheit,Pura Studio,"Schaufenberger Straße 61, 52477 Alsdorf",https://www.eversports.de/e/workshop/827gEoq
Twerkshop by Maddie,März02Samstag,Ausgebucht,1 Einheit,Aerial Loft,"Solitudestraße 48, 71638 Ludwigsburg",https://www.eversports.de/e/workshop/N4v8WV0
WORKSHOP: Chair Dance,März16Samstag,Ausgebucht,1 Einheit,Aerial Loft,"Solitudestraße 48, 71638 Ludwigsburg",https://www.eversports.de/e/workshop/onN7Doj
Workshop: Aerial Yin Yoga (alle Level),März23Samstag,"ab 27,00 €",1 Einheit,Aerial Loft,"Solitudestraße 48, 71638 Ludwigsburg",https://www.eversports.de/e/workshop/rhsldmK
Twerkshop by Maddie,Mai04Samstag,"ab 27,00 €",1 Einheit,Aerial Loft,"Solitudestraße 48, 71638 Ludwigsburg",https://www.eversports.de/e/workshop/H_FW2CU
Workshop: Aerial Yin Yoga (alle Level),Mai04Samstag,"ab 27,00 €",1 Einheit,Aerial Loft,"Solitudestraße 48, 71638 Ludwigsburg",https://www.eversports.de/e/workshop/9jN2M0O
WORKSHOP: Flying Pole (Anfänger),Mai12Sonntag,"ab 18,00 €",1 Einheit,Aerial Loft,"Solitudestraße 48, 71638 Ludwigsburg",https://www.eversports.de/e/workshop/arPk7c0
WORKSHOP: Flying Pole (Mittelstufe & Fortgeschritten),Mai12Sonntag,"ab 27,00 €",1 Einheit,Aerial Loft,"Solitudestraße 48, 71638 Ludwigsburg",https://www.eversports.de/e/workshop/r3elm4w
Aerial Hoop Beginner,Feb09bis März 08,"ab 68,00 €",5 Einheiten,Pole Plus,"Ulmer Straße 152, 86156 Augsburg",https://www.eversports.de/e/workshop/upSDQIA
Flexibility Workshop,Apr08bis Apr 29,"ab 48,00 €",4 Einheiten,Pole Plus,"Ulmer Straße 152, 86156 Augsburg",https://www.eversports.de/e/workshop/lBLI7xf
HANDSTAND Vorbereitung,Feb25Sonntag,"ab 35,00 €",1 Einheit,BALANCE Neumarkt,"Deininger Weg 94, 92318 Neumarkt in der Oberpfalz",https://www.eversports.de/e/workshop/s-CvYfY
RÜCKBEUGE I Intensiv,Feb25Sonntag,"ab 35,00 €",1 Einheit,BALANCE Neumarkt,"Deininger Weg 94, 92318 Neumarkt in der Oberpfalz",https://www.eversports.de/e/workshop/lIzIIH9
HANDSTAND Vorbereitung I Teil 2,März03Sonntag,"ab 35,00 €",1 Einheit,BALANCE Neumarkt,"Deininger Weg 94, 92318 Neumarkt in der Oberpfalz",https://www.eversports.de/e/workshop/1hwRppH
ACRO YOGA ,März03Sonntag,"ab 35,00 €",1 Einheit,BALANCE Neumarkt,"Deininger Weg 94, 92318 Neumarkt in der Oberpfalz",https://www.eversports.de/e/workshop/FWO9nVb
POLE STAR I Easy but Beautiful I Julia Pengler ,März10Sonntag,"ab 45,00 €",1 Einheit,BALANCE Neumarkt,"Deininger Weg 94, 92318 Neumarkt in der Oberpfalz",https://www.eversports.de/e/workshop/wHwtdS-
POLE STAR I Static Low Flow I Julia Pengler ,März10Sonntag,"ab 45,00 €",1 Einheit,BALANCE Neumarkt,"Deininger Weg 94, 92318 Neumarkt in der Oberpfalz",https://www.eversports.de/e/workshop/D7_g8hU
 POLE STAR I My favorite Tricks & Combos I Julia Pengler ,März10Sonntag,"ab 45,00 €",1 Einheit,BALANCE Neumarkt,"Deininger Weg 94, 92318 Neumarkt in der Oberpfalz",https://www.eversports.de/e/workshop/yXJE2Qf
POLE INVERTS I Get up side down,März17Sonntag,"ab 35,00 €",1 Einheit,BALANCE Neumarkt,"Deininger Weg 94, 92318 Neumarkt in der Oberpfalz",https://www.eversports.de/e/workshop/AL0d8uV
AERIAL FUN I 8-12 Jahre ,März28Donnerstag,"ab 9,00 €",1 Einheit,BALANCE Neumarkt,"Deininger Weg 94, 92318 Neumarkt in der Oberpfalz",https://www.eversports.de/e/workshop/WpCq6MN
DANCE Kids I 4-5 Jahre ,Apr03Mittwoch,"ab 5,00 €",1 Einheit,BALANCE Neumarkt,"Deininger Weg 94, 92318 Neumarkt in der Oberpfalz",https://www.eversports.de/e/workshop/uE03gmT
DANCE FUN I 6-8 Jahre ,Apr03Mittwoch,"ab 5,00 €",1 Einheit,BALANCE Neumarkt,"Deininger Weg 94, 92318 Neumarkt in der Oberpfalz",https://www.eversports.de/e/workshop/Nm33K4u
POLE DANCE Tricks & Spins I Level 4,Apr07Sonntag,"ab 35,00 €",1 Einheit,BALANCE Neumarkt,"Deininger Weg 94, 92318 Neumarkt in der Oberpfalz",https://www.eversports.de/e/workshop/DmdrEre
THAI YOGA MASSAGE ,Apr14Sonntag,"ab 35,00 €",1 Einheit,BALANCE Neumarkt,"Deininger Weg 94, 92318 Neumarkt in der Oberpfalz",https://www.eversports.de/e/workshop/U27XEmo
AERIAL HOOP I Probestunde,Apr14Sonntag,"ab 10,00 €",1 Einheit,BALANCE Neumarkt,"Deininger Weg 94, 92318 Neumarkt in der Oberpfalz",https://www.eversports.de/e/workshop/DujyYDr
Exotic Pole Dance | Beginner,März24Sonntag,Ausgebucht,1 Einheit,Pole Dance Krefeld,"Hochfelder Straße 47, 47809 Krefeld",https://www.eversports.de/e/workshop/_LQRruK
Chair Dance | alle Level,Apr13Samstag,"ab 35,00 €",1 Einheit,Pole Dance Krefeld,"Hochfelder Straße 47, 47809 Krefeld",https://www.eversports.de/e/workshop/-vGIMzu
Lapdance Valentine's Special,Feb24Samstag,Ausgebucht,1 Einheit,PoleCreation,"Immenstädter Straße 11, 87435 Kempten (Allgäu)",https://www.eversports.de/e/workshop/Zj0NETg
Einsteiger-Workshop,März03Sonntag,"ab 30,00 €",1 Einheit,Star Poledance,"Rudolf-Diesel-Straße 6, 53919 Weilerswist",https://www.eversports.de/e/workshop/IVfDf6M
*Shake that* Twerk Workshop,Feb25Sonntag,"ab 35,00 €",1 Einheit,poda Studio,"10-12 Martinstraße Innenhof, 52062 Aachen",https://www.eversports.de/e/workshop/JM68hgK
Sexy Floorwork Workshop,März17Sonntag,"ab 35,00 €",1 Einheit,poda Studio,"10-12 Martinstraße Innenhof, 52062 Aachen",https://www.eversports.de/e/workshop/9PbaXsNu8
Hip Hop Pole Choreo Workshop,März24Sonntag,"ab 35,00 €",1 Einheit,poda Studio,"10-12 Martinstraße Innenhof, 52062 Aachen",https://www.eversports.de/e/workshop/2f93D4_
Workshop mit @bou_boulette (Janine Hollung),März02bis März 02,"ab 65,00 €",2 Einheiten,POLEside,"Weststraße 1, 74193 Schwaigern",https://www.eversports.de/e/workshop/llCPKoMLh
Seductive Sunday  - Floorwork ,Feb25Sonntag,"ab 25,00 €",1 Einheit,Da Becca Flow and Fit,"Eickeler Markt 3A, 44651 Herne",https://www.eversports.de/e/workshop/2z_srY0
Seductive Sunday  - Pole ,Feb25Sonntag,Ausgebucht,1 Einheit,Da Becca Flow and Fit,"Eickeler Markt 3A, 44651 Herne",https://www.eversports.de/e/workshop/o5_MV7J
Rock the Pole. A Trilogie. ,März09bis März 30,"ab 49,00 €",3 Einheiten,Da Becca Flow and Fit,"Eickeler Markt 3A, 44651 Herne",https://www.eversports.de/e/workshop/0u01Mza
Lapdance. A Trilogie. ,März09bis März 30,"ab 49,00 €",3 Einheiten,Da Becca Flow and Fit,"Eickeler Markt 3A, 44651 Herne",https://www.eversports.de/e/workshop/DBxar8u
Endless Spins mit lea,März16Samstag,Ausgebucht,1 Einheit,Da Becca Flow and Fit,"Eickeler Markt 3A, 44651 Herne",https://www.eversports.de/e/workshop/GlPG304
"Heels ""What its worth"" mit Lea",März16Samstag,Ausgebucht,1 Einheit,Da Becca Flow and Fit,"Eickeler Markt 3A, 44651 Herne",https://www.eversports.de/e/workshop/wj20M8W
Seductive Sunday  - Pole ,März24Sonntag,"ab 25,00 €",1 Einheit,Da Becca Flow and Fit,"Eickeler Markt 3A, 44651 Herne",https://www.eversports.de/e/workshop/113IYbR
Seductive Chairdance ,März24Sonntag,"ab 25,00 €",1 Einheit,Da Becca Flow and Fit,"Eickeler Markt 3A, 44651 Herne",https://www.eversports.de/e/workshop/vyTj8JR
Rock the Pole mit Emmy ,Apr07Sonntag,Ausgebucht,1 Einheit,Da Becca Flow and Fit,"Eickeler Markt 3A, 44651 Herne",https://www.eversports.de/e/workshop/GMeuKSV
Rock the Chair mit Emmy ,Apr07Sonntag,"ab 34,00 €",1 Einheit,Da Becca Flow and Fit,"Eickeler Markt 3A, 44651 Herne",https://www.eversports.de/e/workshop/461op6s
Rock the Floor mit Emmy ,Apr07Sonntag,Ausgebucht,1 Einheit,Da Becca Flow and Fit,"Eickeler Markt 3A, 44651 Herne",https://www.eversports.de/e/workshop/NrFmto0
Get your Shoulderstand - Floorworktechnik mit Becca,Apr28Sonntag,"ab 25,00 €",1 Einheit,Da Becca Flow and Fit,"Eickeler Markt 3A, 44651 Herne",https://www.eversports.de/e/workshop/km4K7Yv
"""Fummeln für Fortgeschrittene"" Pole choreo mit Jannah",Mai26Sonntag,Ausgebucht,1 Einheit,Da Becca Flow and Fit,"Eickeler Markt 3A, 44651 Herne",https://www.eversports.de/e/workshop/B2Sz3mv
"""Fummeln für Fortgeschrittene""  Chairdance Choreo mit Jannah",Mai26Sonntag,"ab 34,00 €",1 Einheit,Da Becca Flow and Fit,"Eickeler Markt 3A, 44651 Herne",https://www.eversports.de/e/workshop/HhyMbSA
"""Fummeln für Fortgeschrittene"" Floorwork Choreo mit Jannah",Mai26Sonntag,"ab 34,00 €",1 Einheit,Da Becca Flow and Fit,"Eickeler Markt 3A, 44651 Herne",https://www.eversports.de/e/workshop/WBlAegH
VALENTINS WORKSHOPS,Feb13bis Feb 27,"ab 25,00 €",4 Einheiten,Seemannsbraut Poledance,"Ochsenweg 27-29, 24941 Flensburg",https://www.eversports.de/e/workshop/tjSmCEx
POLE NICK „Recent Favorite Tricks & Transitions“ (Beg.-Int. Level) ,Mai10Freitag,"ab 75,00 €",1 Einheit,Seemannsbraut Poledance,"Ochsenweg 27-29, 24941 Flensburg",https://www.eversports.de/e/workshop/ziaHmeW
POLE NICK „Recent Favorite Tricks & Transitions“ (Int. – Adv. Level) ,Mai10Freitag,"ab 75,00 €",1 Einheit,Seemannsbraut Poledance,"Ochsenweg 27-29, 24941 Flensburg",https://www.eversports.de/e/workshop/zBoJPTa
Special: Flexi intensive - Backbends,Feb24Samstag,"ab 25,00 €",1 Einheit,schwerelos Münster,"Weseler Straße 675D, 48163 Münster",https://www.eversports.de/e/workshop/sJO5aQ1
Special: Aerial Sling Flow Beginner - Augen zu & Tanzen,März02Samstag,"ab 38,00 €",1 Einheit,schwerelos Münster,"Weseler Straße 675D, 48163 Münster",https://www.eversports.de/e/workshop/ZP_skji
Special: Contemporary Pole Choreo,März09Samstag,"ab 38,00 €",1 Einheit,schwerelos Münster,"Weseler Straße 675D, 48163 Münster",https://www.eversports.de/e/workshop/T2iJuZb
Special: Rock The Chair ,März09Samstag,"ab 32,00 €",1 Einheit,schwerelos Münster,"Weseler Straße 675D, 48163 Münster",https://www.eversports.de/e/workshop/JKD4cQ5
Special: Pole Heels Style - Tricks & Transitions,März09Samstag,"ab 38,00 €",1 Einheit,schwerelos Münster,"Weseler Straße 675D, 48163 Münster",https://www.eversports.de/e/workshop/wLPlcwb
Aerial Kids Workshop: Vertikaltuch Beginner,März17Sonntag,"ab 30,00 €",1 Einheit,schwerelos Münster,"Weseler Straße 675D, 48163 Münster",https://www.eversports.de/e/workshop/fVM0ULF
Aerial Kids Workshop: Vertikaltuch Beginner,März17Sonntag,"ab 30,00 €",1 Einheit,schwerelos Münster,"Weseler Straße 675D, 48163 Münster",https://www.eversports.de/e/workshop/9fkoAyU
Aerial Kids Workshop: Vertikaltuch Beginner,Apr21Sonntag,"ab 30,00 €",1 Einheit,schwerelos Münster,"Weseler Straße 675D, 48163 Münster",https://www.eversports.de/e/workshop/leDNfNr
Aerial Kids Workshop: Vertikaltuch FORTGESCHRITTENE,Apr21Sonntag,"ab 30,00 €",1 Einheit,schwerelos Münster,"Weseler Straße 675D, 48163 Münster",https://www.eversports.de/e/workshop/ahCVYvh
Aerial Kids Workshop: Vertikaltuch Beginner,Mai05Sonntag,"ab 30,00 €",1 Einheit,schwerelos Münster,"Weseler Straße 675D, 48163 Münster",https://www.eversports.de/e/workshop/RjsCf5S
Aerial Kids Workshop: Vertikaltuch MITTELSTUFE,Mai05Sonntag,"ab 30,00 €",1 Einheit,schwerelos Münster,"Weseler Straße 675D, 48163 Münster",https://www.eversports.de/e/workshop/ZOxKKrM
Aerial Kids Workshop: Luftring Beginner,Juni16Sonntag,"ab 30,00 €",1 Einheit,schwerelos Münster,"Weseler Straße 675D, 48163 Münster",https://www.eversports.de/e/workshop/Zq0GQNB
Aerial Kids Workshop: Vertikaltuch FORTGESCHRITTENE,Juni16Sonntag,"ab 30,00 €",1 Einheit,schwerelos Münster,"Weseler Straße 675D, 48163 Münster",https://www.eversports.de/e/workshop/xPGUjbS
Double Pole Workshop mit Janine Lehmann ,Feb24Samstag,"ab 25,00 €",1 Einheit,Schönheitstanz Studio,"Charitestraße 4, 10117 Berlin",https://www.eversports.de/e/workshop/HEIImah
Double Pole-Workshop mit Janine Lehmann ONLINE,Feb24Samstag,"ab 25,00 €",1 Einheit,Schönheitstanz Studio,"Charitestraße 4, 10117 Berlin",https://www.eversports.de/e/workshop/OrUcdCr
Belly Dance mit Santina,Feb24Samstag,"ab 30,00 €",1 Einheit,Schönheitstanz Studio,"Charitestraße 4, 10117 Berlin",https://www.eversports.de/e/workshop/6p_z1vi
  Pole Dance Anfänger 1 Kurs ,Feb24bis Feb 25,"ab 80,00 €",2 Einheiten,Schönheitstanz Studio,"Charitestraße 4, 10117 Berlin",https://www.eversports.de/e/workshop/ygw2_TL
   Pole Dance Anfänger 1 Kurs  (zweistündig),Feb24Samstag,"ab 40,00 €",1 Einheit,Schönheitstanz Studio,"Charitestraße 4, 10117 Berlin",https://www.eversports.de/e/workshop/eUwVt-l
   Pole Dance Anfänger 1 Kurs  (zweistündig),Feb25Sonntag,"ab 40,00 €",1 Einheit,Schönheitstanz Studio,"Charitestraße 4, 10117 Berlin",https://www.eversports.de/e/workshop/nFNmoj_
Burlesque mit Harpy Fatale,Feb25Sonntag,"ab 35,00 €",1 Einheit,Schönheitstanz Studio,"Charitestraße 4, 10117 Berlin",https://www.eversports.de/e/workshop/hYh8ik3
 Lap Dance Choreographie 3,Feb25Sonntag,"ab 40,00 €",1 Einheit,Schönheitstanz Studio,"Charitestraße 4, 10117 Berlin",https://www.eversports.de/e/workshop/EBZuEA1
Lap Dance Choreographie  3 ONLINE,Feb25Sonntag,"ab 35,00 €",1 Einheit,Schönheitstanz Studio,"Charitestraße 4, 10117 Berlin",https://www.eversports.de/e/workshop/Tqtzdzb
  Pole Dance Anfänger 1 Kurs ,März02bis März 03,"ab 85,00 €",2 Einheiten,Schönheitstanz Studio,"Charitestraße 4, 10117 Berlin",https://www.eversports.de/e/workshop/bkSlugn
 Selbstverteidigung speziell für Frauen Anfängerkurs,März03Sonntag,"ab 35,00 €",1 Einheit,Schönheitstanz Studio,"Charitestraße 4, 10117 Berlin",https://www.eversports.de/e/workshop/LAN7VDW
Pole Dance Mittelstufe 3 zweistündig ,März09Samstag,"ab 55,00 €",1 Einheit,Schönheitstanz Studio,"Charitestraße 4, 10117 Berlin",https://www.eversports.de/e/workshop/cZFAAgA
 Burlesque Anfängerworkshop mit Lady Lou,März09bis März 10,"ab 85,00 €",2 Einheiten,Schönheitstanz Studio,"Charitestraße 4, 10117 Berlin",https://www.eversports.de/e/workshop/Nv15_mw
Burlesque Fortgeschrittenen-Workshop mit Lady Lou,März09bis März 10,"ab 55,00 €",2 Einheiten,Schönheitstanz Studio,"Charitestraße 4, 10117 Berlin",https://www.eversports.de/e/workshop/SLy-s_i
Twerk Basics,März10Sonntag,"ab 30,00 €",1 Einheit,Schönheitstanz Studio,"Charitestraße 4, 10117 Berlin",https://www.eversports.de/e/workshop/dcD4Lin
  Twerk Basics Online,März10Sonntag,"ab 25,00 €",1 Einheit,Schönheitstanz Studio,"Charitestraße 4, 10117 Berlin",https://www.eversports.de/e/workshop/I09unU9
Sensual Pole Dance mit Becky*,März10Sonntag,"ab 55,00 €",1 Einheit,Schönheitstanz Studio,"Charitestraße 4, 10117 Berlin",https://www.eversports.de/e/workshop/wTDOHkH
Sensual Pole Dance mit Becky* ONLINE,März10Sonntag,"ab 40,00 €",1 Einheit,Schönheitstanz Studio,"Charitestraße 4, 10117 Berlin",https://www.eversports.de/e/workshop/uHk1KUg
  Fortgeschrittenen-Special: Pole Dance-Workshop mit Becky*,März10Sonntag,"ab 35,00 €",1 Einheit,Schönheitstanz Studio,"Charitestraße 4, 10117 Berlin",https://www.eversports.de/e/workshop/1GkBeDT
 Fortgeschrittenen-Special: Pole Dance-Workshop mit Becky* ONLINE,März10Sonntag,"ab 25,00 €",1 Einheit,Schönheitstanz Studio,"Charitestraße 4, 10117 Berlin",https://www.eversports.de/e/workshop/kYpFiaE
Pole Flow mit Becky* ONLINE,März10Sonntag,"ab 25,00 €",1 Einheit,Schönheitstanz Studio,"Charitestraße 4, 10117 Berlin",https://www.eversports.de/e/workshop/J_WWezC
Pole Flow mit Becky*,März10Sonntag,"ab 35,00 €",1 Einheit,Schönheitstanz Studio,"Charitestraße 4, 10117 Berlin",https://www.eversports.de/e/workshop/hW3O71v
 Exotic Dance mit Becky*,März16Samstag,"ab 55,00 €",1 Einheit,Schönheitstanz Studio,"Charitestraße 4, 10117 Berlin",https://www.eversports.de/e/workshop/EDBeHyX
  Exotic Dance mit Becky* ONLINE,März16Samstag,"ab 40,00 €",1 Einheit,Schönheitstanz Studio,"Charitestraße 4, 10117 Berlin",https://www.eversports.de/e/workshop/54itEaz
  Bedroom Burlesque mit Lady Lou THEMA: tba. ONLINE,März16Samstag,"ab 40,00 €",1 Einheit,Schönheitstanz Studio,"Charitestraße 4, 10117 Berlin",https://www.eversports.de/e/workshop/z4rC1sa
  Bedroom Burlesque mit Lady Lou THEMA: tba,März16Samstag,"ab 55,00 €",1 Einheit,Schönheitstanz Studio,"Charitestraße 4, 10117 Berlin",https://www.eversports.de/e/workshop/rvq2QWJ
  Twerk Mixed ONLINE,März17Sonntag,"ab 25,00 €",1 Einheit,Schönheitstanz Studio,"Charitestraße 4, 10117 Berlin",https://www.eversports.de/e/workshop/_kWyZFK
 Twerk Mixed,März17Sonntag,"ab 35,00 €",1 Einheit,Schönheitstanz Studio,"Charitestraße 4, 10117 Berlin",https://www.eversports.de/e/workshop/AN_9D9F
Burlesque mit Hurricane Irina: All things Boa,März17Sonntag,"ab 55,00 €",1 Einheit,Schönheitstanz Studio,"Charitestraße 4, 10117 Berlin",https://www.eversports.de/e/workshop/QPoxv4i
 Lap Dance & Strip 'n' Tease Workshop ,März17Sonntag,"ab 60,00 €",1 Einheit,Schönheitstanz Studio,"Charitestraße 4, 10117 Berlin",https://www.eversports.de/e/workshop/3yk1t8C
 Lap Dance & Strip 'n' Tease Online Workshop ,März17Sonntag,"ab 50,00 €",1 Einheit,Schönheitstanz Studio,"Charitestraße 4, 10117 Berlin",https://www.eversports.de/e/workshop/kVDtH76
Love on Heels - High Heel Walk & Selbstbewusstseins Workshop mit Harpy Fatale,März23Samstag,"ab 55,00 €",1 Einheit,Schönheitstanz Studio,"Charitestraße 4, 10117 Berlin",https://www.eversports.de/e/workshop/4egslRX
  Pole Dance Anfänger 2 Kurs ,März23bis März 24,"ab 85,00 €",2 Einheiten,Schönheitstanz Studio,"Charitestraße 4, 10117 Berlin",https://www.eversports.de/e/workshop/UYgHVwy
"Burlesque-Workshop ""sexy Floorwork"" mit Tania Giovo ",März24Sonntag,"ab 50,00 €",1 Einheit,Schönheitstanz Studio,"Charitestraße 4, 10117 Berlin",https://www.eversports.de/e/workshop/E4i5NUb
Burlesque mit Harpy Fatale,März24Sonntag,"ab 55,00 €",1 Einheit,Schönheitstanz Studio,"Charitestraße 4, 10117 Berlin",https://www.eversports.de/e/workshop/YpJqTDS
Pole Dance Mittelstufe 3 zweistündig  Teil 2,März29Freitag,"ab 55,00 €",1 Einheit,Schönheitstanz Studio,"Charitestraße 4, 10117 Berlin",https://www.eversports.de/e/workshop/SX0FzGK
 Exotic Dance Basics mit Agata ONLINE,März31Sonntag,"ab 40,00 €",1 Einheit,Schönheitstanz Studio,"Charitestraße 4, 10117 Berlin",https://www.eversports.de/e/workshop/7uJPxgC
 Exotic Dance Basics mit Agata ,März31Sonntag,"ab 55,00 €",1 Einheit,Schönheitstanz Studio,"Charitestraße 4, 10117 Berlin",https://www.eversports.de/e/workshop/82dGR1f
  Pole Dance Anfänger 1 Kurs ,Apr06bis Apr 07,"ab 85,00 €",2 Einheiten,Schönheitstanz Studio,"Charitestraße 4, 10117 Berlin",https://www.eversports.de/e/workshop/pDjMaOI
 Burlesque Anfängerworkshop mit Lady Lou,Apr06bis Apr 07,"ab 85,00 €",2 Einheiten,Schönheitstanz Studio,"Charitestraße 4, 10117 Berlin",https://www.eversports.de/e/workshop/xUJF8zC
  Bedroom Burlesque mit Lady Lou THEMA: tba. ONLINE,Apr20Samstag,"ab 40,00 €",1 Einheit,Schönheitstanz Studio,"Charitestraße 4, 10117 Berlin",https://www.eversports.de/e/workshop/oCv_Dwa
  Bedroom Burlesque mit Lady Lou THEMA: tba.,Apr20Samstag,"ab 55,00 €",1 Einheit,Schönheitstanz Studio,"Charitestraße 4, 10117 Berlin",https://www.eversports.de/e/workshop/ot643qA
 Lap Dance & Strip 'n' Tease Workshop ,Apr21Sonntag,"ab 60,00 €",1 Einheit,Schönheitstanz Studio,"Charitestraße 4, 10117 Berlin",https://www.eversports.de/e/workshop/drIG2eI
 Lap Dance & Strip 'n' Tease Online Workshop ,Apr21Sonntag,"ab 50,00 €",1 Einheit,Schönheitstanz Studio,"Charitestraße 4, 10117 Berlin",https://www.eversports.de/e/workshop/iuE5Wsa
  Pole Dance Anfänger 1 Kurs ,Mai04bis Mai 05,"ab 85,00 €",2 Einheiten,Schönheitstanz Studio,"Charitestraße 4, 10117 Berlin",https://www.eversports.de/e/workshop/nT2TC19
 Burlesque Anfängerworkshop mit Lady Lou,Mai04bis Mai 05,"ab 85,00 €",2 Einheiten,Schönheitstanz Studio,"Charitestraße 4, 10117 Berlin",https://www.eversports.de/e/workshop/n6KRMjB
  Bedroom Burlesque mit Lady Lou THEMA: tba. ONLINE,Mai18Samstag,"ab 40,00 €",1 Einheit,Schönheitstanz Studio,"Charitestraße 4, 10117 Berlin",https://www.eversports.de/e/workshop/qNpxqi5
  Bedroom Burlesque mit Lady Lou THEMA: tba.,Mai18Samstag,"ab 55,00 €",1 Einheit,Schönheitstanz Studio,"Charitestraße 4, 10117 Berlin",https://www.eversports.de/e/workshop/i2UXxMl
  Pole Dance Anfänger 1 Kurs ,Juni01bis Juni 02,"ab 85,00 €",2 Einheiten,Schönheitstanz Studio,"Charitestraße 4, 10117 Berlin",https://www.eversports.de/e/workshop/GaGNoGx
 Burlesque Anfängerworkshop mit Lady Lou,Juni01bis Juni 02,"ab 85,00 €",2 Einheiten,Schönheitstanz Studio,"Charitestraße 4, 10117 Berlin",https://www.eversports.de/e/workshop/gOdtqrR
Grundkurs Yoga,Jan29bis März 11,"ab 130,00 €",7 Einheiten,Niyaha Yoga Susann Kind,"Nachtigallenstraße 13, 98617 Meiningen",https://www.eversports.de/e/workshop/u0m4PpJ
HIER-SEIN,Jan30bis März 05,"ab 85,00 €",6 Einheiten,Niyaha Yoga Susann Kind,"Nachtigallenstraße 13, 98617 Meiningen",https://www.eversports.de/e/workshop/Qph3Nhi
Poledance Einsteiger Workshop - Neujahrs Special ,Feb05bis Feb 26,Ausgebucht,4 Einheiten,PoleRoom Braunschweig,"Büchnerstraße 10, 38118 Braunschweig",https://www.eversports.de/e/workshop/GB5CNr0
Aerial Hoop Partner Workshop,März03Sonntag,"ab 39,00 €",1 Einheit,PoleRoom Braunschweig,"Büchnerstraße 10, 38118 Braunschweig",https://www.eversports.de/e/workshop/1pzXUtZ
Poledance Einsteiger Workshop,März04bis März 25,Ausgebucht,4 Einheiten,PoleRoom Braunschweig,"Büchnerstraße 10, 38118 Braunschweig",https://www.eversports.de/e/workshop/fx6DrZ8
Poledance Einsteiger Workshop - 4 Wochen,Apr01bis Apr 22,"ab 79,00 €",4 Einheiten,PoleRoom Braunschweig,"Büchnerstraße 10, 38118 Braunschweig",https://www.eversports.de/e/workshop/0oN3kSH
Oldschool Ways mit Mareen Leykauf,Mai04Samstag,"ab 45,00 €",1 Einheit,Polemotions Tübingen,"Aeulestraße 2, 72074 Tübingen",https://www.eversports.de/e/workshop/vXi2jGj
Stripper-Style Floorwork mit Mareen Leykauf,Mai04Samstag,"ab 45,00 €",1 Einheit,Polemotions Tübingen,"Aeulestraße 2, 72074 Tübingen",https://www.eversports.de/e/workshop/woXQI80
Diving Deep mit Mareen Leykauf,Mai04Samstag,"ab 59,00 €",1 Einheit,Polemotions Tübingen,"Aeulestraße 2, 72074 Tübingen",https://www.eversports.de/e/workshop/CFxNSNG
Pole Beginner First Steps 1 WS,Feb19bis März 11,"ab 25,00 €",4 Einheiten,Polea - Pole and Aerial Dance,"Budenheimer Parkallee 5, 55257 Budenheim",https://www.eversports.de/e/workshop/uE26VcH
Pole Beginner 2 - First STEPS  WS ,Feb25bis März 17,"ab 25,00 €",4 Einheiten,Polea - Pole and Aerial Dance,"Budenheimer Parkallee 5, 55257 Budenheim",https://www.eversports.de/e/workshop/xXl3mKf
Shapeshifting for Pole Creatures mit Natasha Wang,März08Freitag,"ab 10,00 €",1 Einheit,Vertical - Pole Aerial Dance,"Mühlstraße 100, 63741 Aschaffenburg",https://www.eversports.de/e/workshop/wxLGaOO
Pole Poetry mit Natasha Wang,März08Freitag,"ab 10,00 €",1 Einheit,Vertical - Pole Aerial Dance,"Mühlstraße 100, 63741 Aschaffenburg",https://www.eversports.de/e/workshop/j_dm47B
Pole Geometry Lab mit Natasha Wang,März08Freitag,Ausgebucht,1 Einheit,Vertical - Pole Aerial Dance,"Mühlstraße 100, 63741 Aschaffenburg",https://www.eversports.de/e/workshop/oZL9Vcu
Frame Up Choreo mit Anna,März23Samstag,"ab 39,00 €",1 Einheit,Vertical - Pole Aerial Dance,"Mühlstraße 100, 63741 Aschaffenburg",https://www.eversports.de/e/workshop/VJq5Njd
Pole Probetraining,März15Freitag,"ab 17,00 €",1 Einheit,Flexx Arts - Aerial Dance & Fitness,"Rudolf-Diesel-Straße 12, 87700 Memmingen",https://www.eversports.de/e/workshop/BOoVP_a
Pole Probetraining,Apr19Freitag,"ab 17,00 €",1 Einheit,Flexx Arts - Aerial Dance & Fitness,"Rudolf-Diesel-Straße 12, 87700 Memmingen",https://www.eversports.de/e/workshop/M_fy619
Schnupperstunde Poledance,März03Sonntag,"ab 15,00 €",1 Einheit,Pole for Soul GbR,"Die Schlagd 1, 34117 Kassel",https://www.eversports.de/e/workshop/rnbGVfh
Schnupperstunde Poledance,März24Sonntag,"ab 15,00 €",1 Einheit,Pole for Soul GbR,"Die Schlagd 1, 34117 Kassel",https://www.eversports.de/e/workshop/CehT5V7
"Sisters Circle - connect, grow & be wild - mit Julia in Quierschied",Feb24Samstag,"ab 45,00 €",1 Einheit,Aerial Art Poledance,"Holzer Straße 98, 66287 Quierschied",https://www.eversports.de/e/workshop/HLSPtEf
Unholy - Floowork Workshop mit Alex in Quierschied,März03Sonntag,Ausgebucht,1 Einheit,Aerial Art Poledance,"Holzer Straße 98, 66287 Quierschied",https://www.eversports.de/e/workshop/r4YFhr5
Lap Dance - Get Closer! in Quierschied,März03Sonntag,"ab 45,00 €",1 Einheit,Aerial Art Poledance,"Holzer Straße 98, 66287 Quierschied",https://www.eversports.de/e/workshop/reesqNy
Twerk Workshop mit Angela in Quierschied,März17Sonntag,"ab 35,00 €",1 Einheit,Aerial Art Poledance,"Holzer Straße 98, 66287 Quierschied",https://www.eversports.de/e/workshop/fQcgKaY
SENSUAL POLE FLOW mit Natalie - in Quierschied,März23Samstag,"ab 42,00 €",1 Einheit,Aerial Art Poledance,"Holzer Straße 98, 66287 Quierschied",https://www.eversports.de/e/workshop/y8LqNM9
Aerial Hammock mit Vanessa Vilchis in Quierschied,Apr06Samstag,"ab 45,00 €",1 Einheit,Aerial Art Poledance,"Holzer Straße 98, 66287 Quierschied",https://www.eversports.de/e/workshop/-xFs2y7
Aerial Silks mit Vanessa Vilchis in Quierschied,Apr06Samstag,"ab 45,00 €",1 Einheit,Aerial Art Poledance,"Holzer Straße 98, 66287 Quierschied",https://www.eversports.de/e/workshop/XIjmMIv
Welcome to Burlesque!,März02Samstag,"ab 70,00 €",1 Einheit,PoleFit Aline Sustrath,"Landgrafenstraße 6, 66969 Lemberg",https://www.eversports.de/e/workshop/F0nh2br
Aerial Hoop 1,März07bis März 28,"ab 90,00 €",4 Einheiten,POLE HEROES,"Karl-Zucker-Straße 7-9, 91052 Erlangen",https://www.eversports.de/e/workshop/_cVfx28
Aerial Hoop 2,März07bis März 28,"ab 105,00 €",4 Einheiten,POLE HEROES,"Karl-Zucker-Straße 7-9, 91052 Erlangen",https://www.eversports.de/e/workshop/vPqMS0U
Kopfstand mal ganz einfach: FeetUp Workshop mit dem Kopfstandstuhl ,März02Samstag,"ab 49,00 €",1 Einheit,Yoga Vidya Burgdorf,"Marktstraße 65, 31303 Burgdorf",https://www.eversports.de/e/workshop/0E9ASI_
Yoga & Gong Workshop mit White Sound,Feb25Sonntag,"ab 45,00 €",1 Einheit,YOGA at Lobe Block,"Böttgerstraße 16, 13357 Berlin",https://www.eversports.de/e/workshop/rCwCWqT
Jump Back Jump Through Foundations of Ashtanga Yoga with Melina & Alex,März02Samstag,"ab 38,00 €",1 Einheit,YOGA at Lobe Block,"Böttgerstraße 16, 13357 Berlin",https://www.eversports.de/e/workshop/5WFQ4Sn
Sacred Heart Ceremony with Yin & Cacao,März10Sonntag,"ab 39,00 €",1 Einheit,YOGA at Lobe Block,"Böttgerstraße 16, 13357 Berlin",https://www.eversports.de/e/workshop/qg_IBGe
YIN RE-CONNECTION WORKSHOP,März15Freitag,"ab 25,00 €",1 Einheit,YOGA at Lobe Block,"Böttgerstraße 16, 13357 Berlin",https://www.eversports.de/e/workshop/RTbWXKh
Yoga & Gong Workshop mit White Sound,März17Sonntag,"ab 45,00 €",1 Einheit,YOGA at Lobe Block,"Böttgerstraße 16, 13357 Berlin",https://www.eversports.de/e/workshop/OUz8GEH
Yoga & Gong Workshop mit White Sound,Apr27Samstag,"ab 45,00 €",1 Einheit,YOGA at Lobe Block,"Böttgerstraße 16, 13357 Berlin",https://www.eversports.de/e/workshop/BjV3WGc
Yoga & Gong Workshop mit White Sound,Mai25Samstag,"ab 45,00 €",1 Einheit,YOGA at Lobe Block,"Böttgerstraße 16, 13357 Berlin",https://www.eversports.de/e/workshop/XBkvMd1
ASSIST WORKSHOP: INTENSIVE with Juan Sierra,Juni08bis Juni 09,"ab 395,00 €",2 Einheiten,YOGA at Lobe Block,"Böttgerstraße 16, 13357 Berlin",https://www.eversports.de/e/workshop/QaklFLB
Workshop Double-Acroyoga Open Level,Feb25Sonntag,"ab 30,00 €",1 Einheit,A heart for poledance,"Nußbaumer Straße 6, 51469 Bergisch Gladbach",https://www.eversports.de/e/workshop/5VJvMXI
Twerk Workshop,Apr28Sonntag,"ab 35,00 €",1 Einheit,A heart for poledance,"Nußbaumer Straße 6, 51469 Bergisch Gladbach",https://www.eversports.de/e/workshop/jQOaOC3
Strip Workshop,Apr28Sonntag,"ab 35,00 €",1 Einheit,A heart for poledance,"Nußbaumer Straße 6, 51469 Bergisch Gladbach",https://www.eversports.de/e/workshop/H4Qz_fT
Twerk Workshop ,Juni02Sonntag,"ab 35,00 €",1 Einheit,A heart for poledance,"Nußbaumer Straße 6, 51469 Bergisch Gladbach",https://www.eversports.de/e/workshop/nOac6zt
Strip Workshop,Juni02Sonntag,"ab 35,00 €",1 Einheit,A heart for poledance,"Nußbaumer Straße 6, 51469 Bergisch Gladbach",https://www.eversports.de/e/workshop/yMiXoIi
Fummeln für Fortgeschrittene,März09bis März 09,"ab 39,00 €",3 Einheiten,körpernah,"Ahsener Straße 130, 45711 Datteln",https://www.eversports.de/e/workshop/MfhCem5
Floor-Splits,März23Samstag,"ab 45,00 €",1 Einheit,körpernah,"Ahsener Straße 130, 45711 Datteln",https://www.eversports.de/e/workshop/ETuGX5O
Drills to Handstand ,Mai11Samstag,"ab 40,00 €",1 Einheit,körpernah,"Ahsener Straße 130, 45711 Datteln",https://www.eversports.de/e/workshop/Js7a_FB
Poledance Exotic Workshop mit Tati,März02Samstag,"ab 17,00 €",1 Einheit,TSG Blau-Gold Gießen e.V.,"Marburger Straße 13, 35390 Gießen",https://www.eversports.de/e/workshop/dYSdw7b
"""Confidance Festival"" am 9. und 10. März 2024",März09bis März 10,"ab 5,00 €",2 Einheiten,TSG Blau-Gold Gießen e.V.,"An der Hessenhalle 1-3, 35398 Gießen",https://www.eversports.de/e/workshop/1LJamzo
Dance&Fitness Day am 5. Mai 2024,Mai05Sonntag,"ab 15,00 €",1 Einheit,TSG Blau-Gold Gießen e.V.,"An der Hessenhalle 1-3, 35398 Gießen",https://www.eversports.de/e/workshop/tFkZ7tt
Dance&Fitness Day ONLINE am 5. Mai 2024,Mai05Sonntag,"ab 10,00 €",1 Einheit,TSG Blau-Gold Gießen e.V.,"Online Zoom -, - zu Hause",https://www.eversports.de/e/workshop/kTY0ERN
Pouring Flow - Hip Hop & Impro Workshop + Jam mit Franky Dee und Giovanni,Mai25Samstag,"ab 25,00 €",1 Einheit,TSG Blau-Gold Gießen e.V.,"An der Hessenhalle 1-3, 35398 Gießen",https://www.eversports.de/e/workshop/r_s8Xmg
Aerial Circus Kids/Teens Kennenlern Workshop ,März01Freitag,"ab 15,00 €",1 Einheit,T-Tanzstück Braunschweig,38104 Braunschweig,https://www.eversports.de/e/workshop/itCOcd3
Anete Blaua - 24.+25.02. 2024,Feb24bis Feb 25,"ab 80,00 €",6 Einheiten,Dance & Pole Leverkusen,"Weyerstraße 4, 42697 Solingen",https://www.eversports.de/e/workshop/II-gWEL
ONLINE Heels Flow | Pole Workshop ,Feb24Samstag,"ab 25,00 €",1 Einheit,Les.Pole,"Neue Fahrt 3, 34117 Kassel",https://www.eversports.de/e/workshop/ph8TlfO
ONLINE Perfect Pictures  | Pole Workshop,Apr26Freitag,"ab 25,00 €",1 Einheit,Les.Pole,"Neue Fahrt 3, 34117 Kassel",https://www.eversports.de/e/workshop/4lKTG4R
KASSEL+ONLINE Chairdance Perfect Pictures Workshop ,Mai04Samstag,"ab 25,00 €",1 Einheit,Les.Pole,"Schönfelder Straße 39, 34121 Kassel",https://www.eversports.de/e/workshop/lByHwWr
BREMEN Pole X Heels,Mai18Samstag,"ab 45,00 €",1 Einheit,Les.Pole,"Am Tabakquartier 62, 28197 Bremen",https://www.eversports.de/e/workshop/VC_twiJ
BREMEN Handbalance Essentials Pole Edition,Mai18Samstag,"ab 45,00 €",1 Einheit,Les.Pole,"Am Tabakquartier 62, 28197 Bremen",https://www.eversports.de/e/workshop/L-VuR9j
